(dp0
S'term'
p1
S'FALL 2010'
p2
sS'hidden-term'
p3
S'WINTER 2011|WINTER 2010|WINTER 2009|WINTER 2008|WINTER 2007|WINTER 2006|WINTER 2005|WINTER 2004|SPRING 2010|SPRING 2009|SPRING 2008|SPRING 2007|SPRING 2006|SPRING 2005|SPRING 2004|SPRING 2003|FALL 2010|FALL 2009|FALL 2008|FALL 2007|FALL 2006|FALL 2005|FALL 2004|FALL 2003'
p4
sS'hidden-instructor'
p5
S'Aagaard, M|Aagaard, Mark|Abdel-Rahman, E|Abdel-Rahman, Eihab|Abedi, A|Abrahams, L|Acken, J|Adedapo, A|Agnew, G|Agnew, Gordon|Ahmad, A|Ahmadi, Abbas|Ahmed, Mohamed|Akhundov, I|Akhundov, Ilham|Akon, Mursalin|Al-Hammoud, Rania|Al-Mayah, A|Alam, M|Alam, Md|Alemohammad, Seyed Hamidrez|Alencar, P|Alexander, S|Alie, C|Alkhatib, R|Allahverdi, R|Allarakhia, M|Allison, A|Allison, A-M|Alwan, Mohamad|Ambainis, A|An, J|Anantram, M|Anderson, Bernard|Anderson, W|Anderson, William|Anderson, William A.|Andre, R|Andre, Robert|Andreae, C|Andrews, S|Andrighetti, R|Andrighetti, Richard|Andrighetti, Rick|Andrighettie, Richard|Anis, M|Anjos, M|Annable, W|Annable, William|Aplevich, D|Aplevich, J.|Arbuthnott, C|Ardalan, S|Ariaratnam, S|Arzanpour, S|Asadzadeh Esfahani, Masoud|Ashburner, Michelle|Atefi Monfared, Kamelia|Atlee, Joanne|Atwa, Yasser|Aucoin, M|Aucoin, Marc|Ayad, Hanan|Azimifar, Z|Aziz, H|Aziz, Hany|Bahrami, M|Bakri-Kassem, M|Balbaa, T|Balbaa, Taymoore|Baleshta, J|Baleshta, James|Balka, Peter|Ball, N|Ball, Norman|Balogh, M|Balogh, Michael|Ban, D|Ban, Dayan|Barby, J|Barby, James|Barker, J|Barker, James|Barlatt, Ada|Barthman, D|Bartman, Danny|Baserinia, A|Baserinia, Amir|Basha, M|Basir, O|Basir, Otman|Basir, Ottman|Bassi, Rajnish|Bautista Alderete, G|Bayat, A|Bedi, S|Bedi, Sanjeev|Beesley, P|Beesley, Phillip|Begg, Ronald|Behzadipour, S|Belinschi, S|Beltaos, Andrew|Beltrano, Victoria|Bentz, W|Beny, C|Berczi, I|Bernard-Gagnon, C|Berry, D|Best, M|Bettio, W|Bhatia, N|Bhatia, Neraj|Bhattacharya, K|Bhattacharya, Kankar|Biglar Begian, Mohammad|Biglari, M|Biglari, Mazda|Bingeman, A|Birkett, S|Birkett, Stephen|Bishop, W|Bishop, William|Bissonnette, C|Bissonnette, Carey|Biswas, M|Bizheva, Kostadinka|Blake, Clifford|Boake, T|Boake, Terri|Bokal, D|Bookbinder, J|Bookbinder, James|Bordeleau, A|Bordeleau, Anne|Borland, Matthew|Bouchard, Nikole|Boumaiza, S|Boumaiza, Slim|Bovaird, C|Bowick, D|Brandon, J|Bresler, Liana|Bringelson, L|Brodland, G.|Brodland, W|Brodland, Wayne|Broeders, Ed|Brunet, Dominique|Bruscoli, B|Bruscoli, Beatrice|Brush, D|Brush, David|Budman, H|Budman, Hector|Bulthaup, A|Burke, Christine|Burn, D|Burn, Donald|Burns, C|Burns, Catherine|Buscoli, Beatrice|Cai, J|Cai, L|Calamai, P|Calamai, Paul|Calamai, Paul H|Calder, M|Calder, Matthew|Campbell, S|Campbell, Scott|Campbell, Sue|Canizares, C|Canizares, Claudio|Carr, Peter|Carter, B|Cascante, G|Cascante, Giovanni|Casello, J|Casello, Jeffrey|Cassidy, M|Cassidy, Meagan|Cassidy, Meaghan|Celebi, Emre|Chahrour, A|Chan, Yin Kwan|Chandrasekhar, N|Chandrashekar, N|Chandrashekar, Naveen|Chang, D|Chang, Dong|Chang, Dong Eui|Chapman, F|Chatham, A|Chatzis, I|Chatzis, Ioannis|Chaudhuri, S|Chaudhuri, Sujeet|Chen, P|Chen, Pu|Chen, Z|Chen, Zhongwei|Cheung, K|Childs, Andrew|Chodikoff, Ian|Chong, M|Chou, C|Chou, C.|Chou, P|Chou, Perry|Choudhry, I|Choudhry, Ishtiaq|Chow, R|Cichy, M|Cichy, Mark|Cirka, J|Clark, C|Clausi, D|Clausi, David|Clausi, David A|Clemmer, R|Clemmer, Ryan|Collins, M|Collins, Michael|Coniglio, M|Conrady, Florian|Corbin, S|Corbin, Stephen|Cornu, C|Cozzarin, B|Cozzarin, Brian|Craig, J|Craig, James|Croiset, E|Croiset, Eric|Cronin, D|Cronin, Duane|Cui, Bo|Culham, R|Culham, Richard|Culham, Richard J|Czarnecki, K|Czarnecki, Krzysztof|Czujko, T|Dabbagh, M|Dabbagh, M-Y|Dabbagh, Mohamed-Yahia|Damaskinos, S|Damaskinos, Savvas|Damen, M|Damen, Mohamed|Dao, Thanh-Son|Das, Prodip|Dasiewicz, P|Dasiewicz, Paul|Daub, E|Daub, Elisabeth|Dault, G|Dault, G-M|Dault, Gary|Daun, K|Daun, Kyle|Davidson, D|Davidson, G|Davidson, George|Davison, D|Davison, Daniel|Deakin, Laura|Deman, Jonathon|Deman, Jonathon Andrew|Denegri, M|Dennis, David|Derbentseva, N|Derbentseva, Natalia|Devaud, C|Devaud, Cecile|Doran, Kelly|Dorner, S|Douglas, P|Douglas, Peter|Dowling, C|Dowling, P|Dowling, Paul|Dreyer, Olaf|Dubey, Rajendra|Duever, T|Duever, Thomas|Duhamel, J|Duhamel, Jean|Duimering, P.|Duimering, R|Duimering, Robert|Dumitrascu, Sandrina|Dunbar, F|Dunbar, Fiona|Dunker, K|Dupont, Edward|Dusseault, Maurice|Dutton, R|Ebrahimi Kahrizsangi|Eby, W|Eby, Wesley|Eichel, Justin|El Badawy, Ossama|El Shatshat, R|El Shatshat, Ramadan|El-Abd, Mohammed Hamed|El-Ghazal, Akrem|El-Hag, A|El-Saadany, E|El-Sadaany, E|El-Samahy, I|El-Shatshat, R|Elbadaway, O|Eledhli, S|Elhedhli, S|Eliasmith, C|Eliasmith, Christopher|Elkamel, A|Elkamel, Ali|Elkhatib, Mohamed|Elmasry, M|Elmitt, M|Elnady, A|Elshereef, Rand|Emelko, M|Emelko, Monica|Emerson, Joseph|Engau, A|Engau, Alexander|English, E|English, Elizabeth|Epling, W|Epling, William|Erkorkmaz, K|Erkorkmaz, Kaan|Eshraghi, Mohammad|Esmaeili Rad, Mohammad Reza|Esmaeili, S|Esmaeili, Shahrzad|Evans, S|Fader, C|Fahmi, Mohamed|Fan, G|Fathi, Ehsanollah|Fathololoumi, Saeed|Feng, X|Feng, Xianshe|Ferguson, B|Fich, M|Fich, Michel|Fidan, Baris|Fieguth, P|Fieguth, Paul|Fillion, E|Fischmeister, S|Fischmeister, Sebastian|Fleming, Kevin|Formaneck, S|Forsey, S|Forsey, Steven|Foster, J|Fowler, M|Fowler, Michael|Fox, S|Fraser, D|Fraser, Donald|Fraser, R|Fraser, Roydon|Freeman, G|Freeman, George|Fu, L|Fu, Liping|Fuller, Adam|Fuller, D|Fuller, David|Fuller, J.|Galadja, L|Galajda, L|Gallivan, Dan|Gao, J|Garg, Siddharth|Gastmeier, W|Gastmeier, William|Gaudet, Vincent|Gebotys, C|Gebotys, Catherine|Georgiou, Koustantinos|Ghandehari, Mahya|Gharghi, M|Gharghi, Majid|Gheshlaghi, R|Gilbert, D|Giuliani, K|Glinka, G|Glinka, Grzegorz|Gnanendran, K|Godfrey, M|Golafshani, A|Golafshani, Ali|Golnaraghi, F|Gong, G|Gong, Guang|Gonsalves, T|Gorbet, M|Gorbet, Maud|Gorbet, R|Gorbet, Robert|Gostick, J|Gowing, A|Gracie, Robert|Graham, M|Graham, Margaret|Graham, Meg|Gray, P|Grierson, D|Grierson, Donald|Grove, J|Grove, Jason|Gu, Frank|Gumus, M|Gunawan, R|Gunawan, Rudy|Gzara, Fatma|Haas, C|Haas, Carl|Hadley, S|Hajian, Arsen|Haldenby, E|Haldenby, Eric|Haldenby, R|Haldenby, Rick|Halle, Cynthia|Hamel, J|Hamel, John|Hamilton, Jordan|Hamilton, Ryan|Hamouda, L|Hancock, Mark|Hansson, C|Hansson, Carolyn|Haque, S|Harder, D|Harder, Doug|Hardwicke, Chris|Harkwicke, C|Harmsworth, D|Harmsworth, David|Harmsworth, David L|Hartley, Mark|Hasan, A|Hasan, Anwarul|Hassan, J|Hatzl, J|Hawthorn, David|He, D|He, Qi-Ming|Hegazi, T|Hegazi, Tarek|Hegazy, T|Hegazy, Y|Hellinga, B|Hellinga, Bruce|Hembruch, M|Henderson, J|Henneke, D|Henneke, Dale|Heppler, G|Heppler, Glenn|Hesjedal, T|Hesjedal, Thorsten|Heunis, A|Heunis, Andrew|Hipel, K|Hipel, Keith|Histon, Jonathan|Ho, P|Ho, P-H|Ho, Pin-Han|Hodge, L|Hoffman, Peter|Hood, E|Hoppen, C|Horst, Caleb|Hotson, K|Hoye, K|Hsieh, Kun-Jung|Hu, Shengda|Huck, P|Huck, Peter|Hui, V|Hui, Vincent|Huissoon, J|Huissoon, Jan|Huissoon, Jan Paul|Hulls, C|Hulls, Carol|Hunt, B|Hunt, Brian|Hunt, L|Hunt, Lloyd|Ibragimov, R|Ibrahim, F|Imbert Boyd, J|Imbert Boyd, Jose|Imbert, J|Inal, K|Inal, Kaan|Ingalls, B|Ingalls, Brian|Ingram, Patrick|Ioannidis, M|Ioannidis, Marios|Irwin, Sean|Ishii, M|Ismail, F|Ismail, Fathy|Ivkovic, Igor|Izadpanah, Pedram|Jahed, H|Jahedmotlagh, H|Jahedmotlagh, Hamidreza|Jahinuzzaman, Shah|James, C|James, L|Jancso, Y|Janssen, D|Jayaram, S|Jayaram, Sheshakamal|Jayasundera, R|Jayasundera, Rohan|Jayaswal, S|Jayaswal, Sachin|Jefferies, David|Jeffrey, S|Jeffrey, Scott|Jenkinson, R|Jeon, Soo|Jernigan, E|Jernigan, Ed|Jernigan, Marvin|Jervis, E|Jervis, Eric|Jewer, J|Jewkes, E|Jewkes, Elizabeth|Jin, Xiaohui|Johnson, D|Johnson, David|Johnston, Matthew|Jurkovic, Stan|Kaiser, W|Kamel, M|Kamel, Mohamed|Kamensky, M|Karabina, Koray|Karbasi, H|Karim, K|Karim, Karim|Karimi, G|Karray, F|Karray, Fakhreddine|Kasinathan, Dhanaraja|Kates, Paul|Kazerani, M|Kazerani, Mehrdad|Kennedy, Matthew|Kennings, A|Kennings, Andrew|Khadra, A|Khajehnasiri, A|Khajepour, A|Khajepour, Amir|Khalvati, F|Khamesee, B|Khamesee, Behrad|Khan, Atif|Khandani, A|Khandani, Amir|Khoury, R|Kilcoyne, C|Knight, M|Knight, Mark|Kofman, J|Kofman, Jonathan|Kohandani, F|Kohandel, M|Kohandel, Mohammad|Kolbasenko, T|Koller, Heinrich|Koller, Heinz|Kontogiannis, K|Koo, B|Koo, Bonwoo|Kos, L|Kouwen, N|Krickhan, N|Krilic, Nevena|Kubica, E|Kulic, Dana|Kundu, S|Kuntz, M|Kuo, W|Kwon, Hyock Ju|La Croix, Michael|Laidlaw, M|Lam, P|Lam, Patrick|Lam, Y|Lamb, K|Lambert, S|Lambert, Stephan|Larocque, P|Larsson, NJ|Lashgarian Azad, Nasser|Lawrence, K|Lawrence, R|Lawrence, RG|Lawrence, Rial|Lawrence, Rial G|Leamen, M|Leckman, M|Lederer, J|Lederer, Jeffrey|Lee, Hyung-Sool|Legge, R|Legge, Raymond|Lenard, J|Leu, C|Leung, B|Leung, Bosco|Leung, F-S|Levesque, M|Levesque, Moren|Levitt, A|Levitt, Andrew|Levitt, J|Levitt, Jana|Li, Dongqing|Li, W|Li, X|Li, Xianguo|Lieberman, D|Lieberman, David|Lien, F-S|Lien, Fue-Sang|Lim Tung, Fiona|LimTung, Fiona|Lin, X|Lipshitz, S|Liu, Juewen|Liu, W|Liu, W-K|Liu, Wing-Ki|Liu, Xinzhi|Loo, Clinton|Loucks, W|Loucks, Wayne|Lowe, J|Lukachko, Alex|Luzar, B|Luzar, Brigitte|Ly, B-L|Macdonald, M|Macdonald, M-P|MacDonald, Marie-Paule|Macdonald, MP|Macdonald, R|MacGregor, C|MacGregor, Carolyn|Macleaod, Michaela|MacLeod, M|MacVicar, Bruce|Madhuranthakam, C|Madhuranthakam, Chandra|Magesan, Easwar|Maheshwari, Vivek|Mahmud, S|Mahmud, Shohel|Majedi, A|Majedi, Amir|Malinowski, R|Malinowski, Ruth|Manku, Tajinder|Manning, Thomas|Mansour, F|Mansour, Firas|Mansour, R|Mansour, Raafat|Mantin, B|Mantin, Binyamin|Martin, Eric|Martin, J|Martin, R|Mastnak, M|Mather, David|Matott, Shawn|Maxwell, Andrew|Mayer, G|Mayer, Gregory|Mayer, M|Mayer, Michael|Maymandi-Nejad, M|Mazumdar, R|Mazumdar, Ravi|McCartney, S|McCartney, Shelagh|McClellan, Chris|McCourt, F|McCourt, Frederick|McKay, D|McKay, Don|McKay, Donald|McKay, K|McKillop, R|McKillop, Robert|McLenaghan, R|McManus, N|McManus, Neil|McMinn, J|McMinn, John|McNair, R|McNair, Robert|McNeill, Angela|McPhee, J|McPhee, John|Medley, J|Medley, John|Medley, John B|Meiering, Elizabeth|Melek, W|Melek, William|Menesi, Wail|Mesquita, M|Mesquita, Maria|Metzger, Riley|Meyer-Boake, T|Michailovich, O|Michailovich, Oleg|Miller, D|Miller, Daniel|Miller, Killian|Miners, B|Miskovic, Z|Miskovic, Zoran|Mitran, P|Mitran, Patrick|Moffatt, I|Mohamed, Y|Mohamed, Yasser|Mohamed, Yasser Abdelrady I|Mohammadzadeh Shanehsaz, Om|Molavianjazi, H|Moll, J|Moncharz, R|Moosa, R|Moresoli, C|Moresoli, Christine|Morley, M|Morozova, G|Morton, A|Morton, Andrew|Mostjeran Goortani, Behnam|Munroe, J|Musson, B|Musson, Brian|Mustafa, Ibrahim Hassan|n/a|Naderian Jahromi, A|Naik, K|Naik, Kshirasagar|Nairn, D|Nairn, David|Nakamura, Haji|Naoum-Sawaya, Joe|Narasimahan, S|Narasimahan, Sriram|Narasimham, S|Narasimhan, S|Narasimhan, Sriram|Narayanan, Meyyappan|Naserasr, R|Nathan, A|Nayak, A|Nayak, Ashwin|Ncube, I|Neale, Adam|Nespoli, Oscar|New, S|New, Stephen|Newman, M|Ng, F|Ng, Flora|Ng, L|Nguyen, T|Nguyen, Tam|Ni, L|Nielsen, Christopher|Nieva, P|Nieva, Patricia|Nigim, K|Nissen, Jennifer|Niu, J|No, W|Normani, Stefano|Noufaily, F|Noufaily, Farid|Novak, Jonathan|Nowruzi, K|Nowruzi, Keyvan|Nummer, M|Obeidi, A|Obeidi, Amer|Odobasic, Lejla|Oldford, Wayne|Onaran, Sinem|Onay, S|Onay, Selcuk|Opal, A|Opal, Ajoy|Ordorica Garcia, J|Orend, B|Orend, Brian|Ostrowski, James|Owen, W|Owen, William|Oyono, R|Pal, R|Pal, Rajinder|Pan, Q|Pandey, M|Papoulia, K|Park, D|Park, Doug|Park, H|Park, J W|Parker, V|Parker, W|Parker, Wayne|Patel, Hiren|Patterson, Duncan|Pearson, C|Peasgood, M|Pei, Pei|Peldszus, Sigrid|Penlidis, A|Penlidis, Alexander|Person, Christine|Peterson, Sean|Pick, R|Pickfield, Peter|Pignatti, L|Pignatti, Lorenzo|Pimenta, Geovania|Pinder, S|Pino, L|Pirnia, Mehrdad|Plumtree, A|Poddar, M|Polak, M|Polak, Maria|Ponnambalam, K|Ponnambalam, Kumaraswamy|Popovska, Yvonne|Porovic, Jelena|Portman, Nataliya|Potapchik, A|Potapenko, S|Potapenko, Stan|Potter, D|Pottruff, R|Pottruff, Rick|Powathil, G|Pralat, P|Pritzker, M|Pritzker, Mark|Prouzet, E|Prouzet, Eric|Przbylski, M|Przybylski, M|Przybylski, Maya|Quintana, V|Radovanovic, Pavle|Rae, R.A.|Ramahi, O|Ramahi, Omar|Ramasubramanian, Vis|Ran, B|Rattan, A|Ray, B|Raymond, C|Rayside, Derek|Reidemeister, Thomas|Rempel, Garry|Ren, C|Ren, Carolyn|Rendeley, Cindy|Renksizbulut, M|Renksizbulut, Metin|Rennie, David|Revington, D|Revington, Dereck|Ricardez Sandoval, L|Ricardez Sandoval, Luis|Ricardez Sandoval, Luis Alb|Rice, L|Richmond, B|Richmond, L|Richmond, LB|Richter, B|Richter, Bruce|Richter, R.|Ripley, C|Roberts, C|Roberts, Collin|Robinson, M|Robinson, Mary|Rodricks, L|Roe, P|Roffel, Aaron|Roh, Patrick|Rosenberg, Catherine|Ross, B|Rothenburg, L|Rothenburg, Leo|Rouzrokh, Amir Hessam|Roy, A|Rutagemwa, H|Rynnimeri, V|Rynnimeri, Valerio|Saccomanno, F|Saccomanno, Fedel|Sachdev, M|Sachdev, Manoj|Safavi-Naeini, S|Safavi-Naeini, Safieddin|Safayeni, F|Safayeni, Frank|Saffih, F|Sagarwala, S|Saini, S|Saini, Simarjeet|Sakhr, Jamal|Salama, M|Salama, Magdy|Salehian, Armaghan|Salehie, Mazeiar|Salmi, Pekka|Samadzadeh Tarighat, Roohol|Savage, G|Savage, Gordon|Sazonov, A|Sazonov, Andrei|Scharer, J|Schlosser, F|Schmidt, Philip|Schmitke, C|Schneider, G|Schneider, Gerald|Schnurr, D|Schnurr, Daryl|Scholz, G|Scinocca, P|Scott, K|Scott, M|Scott, Matthew|Scott, S|Scott, Stacey|Scott, T|Scott, Tim|Sedra, A|Seebohm, T|Selvakumar, C|Selvakumar, Chettypalayam|Semenov, O|Sen, P|Seth, D|Seviora, R|Seviora, Rudolph|Shaban, K|Shalit, Orr|Sham, Zi Yang|Shameli, S|Shapiro, Ilya|Shavezipur, M|Shavezipur, Mohammad|Shehata, Shady|Shelley, C|Shelley, Camero|Shelley, Cameron|Shelley, E|Shelley, Elise|Shen, S|Shen, Sherman|Sheppard, L|Sheppard, Lola|Shiri, Daryoush|Shpigel, M|Simon, L|Simon, Leonardo|Sinclair, D|Singh, A|Singh, Ajit|Sivaloganathan, S|Sivaloganathan, Sivabal|Sivoththaman, S|Sivoththaman, Siva|Sliwka, R|Sliwka, Ryszard|Smith, Benjamin|Smith, P|Smucker, Mark|Soares, J|Soares, Joao|Sorli, S|Sorli, Scott|Soudki, K|Soudki, Khaled|Soulis, E|Soulis, Eric|Speziale, S|Speziale, Sean|Springer, C|Springer, Christopher|Sra, Kanwartej|Stadnyk, T|Stashuk, D|Stashuk, Daniel|Stastna, M|Steffler, J|Steffler, Jeremy|Steiner, Stefan|Stiff, Liza|Stimson, Jesse|Straube, J|Straube, John|Straube, John F|Strickland, D|Strickland, Donna|Stubley, G|Stubley, Gordon|Sugden, Kevin|Sullivan, P|Sullivan, Pearl|Sundaram, Shreyas|Sundarraj, R|Sural, Haldun|Sykes, J|Sykes, Jonathan|Syme, Paul|Tahvildari, L|Tahvildari, Ladan|Takouda, M|Tam, M|Tam, Michael|Tamimi, Behnam|Tan, Lin|Tan, Zhongchao|Tang, X-W|Tang, Xiao-Wu|Tasaka, R|Taylor, S|Taylor, Victoria|Tayona, Nova|Tchir, M|Tchir, Morris|Teertstra, P|Teertstra, Peter|Tehrani, A|Tenti, G|Tesfayohannes, M|Teske, E|Thistle, J|Thistle, John|Thom, Christopher|Thompson, Fred|Thompson, N|Thompson, Russell|Thomson, N|Thomson, Neil|Thun, G|Thun, Geoffrey|Tighe, S|Tighe, Susan|Tizhoosh, H|Tizhoosh, Hamid|Todorovic, Z|Tolson, B|Tolson, Bryan|Topuzi, Dritan|Town, Chloe|Toyserkani, E|Toyserkani, Ehsan|Trankle, M|Tripunitara, Mahesh|Tse, A|Tsementzis, A|Tsui, M|Tsui, T|Tsui, Ting|Tsui, Ting TY|Tung, Fiona|Turriff, D|Tzoganakis, C|Tzoganakis, Costas|Ulku, M|Ulku, Muhammed Ali|Uribe-Pabon, J|Uysal, M|Uysal, Murat|Valadkhan, S|Vale, Julie|van Pelt, R|van Pelt, Robert|Van Pelt, Robert Jan|Van Straaten, Randy|Vanderkooy, J|Vannelli, A|Varin, R|Varin, Robert|Vechtomova, O|Vechtomova, Olga|Veldhuizen, T|Velikov, E|Velikov, Ekaterina|Velikov, K|Veluppillai, M|Vera, J|Vera, Juan|Vickson, R|Vidyarthi, N|Villalba, V|Vrscay, E|Wagner, B|Wagner, D|Walbridge, S|Walbridge, Scott|Walker, Sean|Wallace, James|Wang, D|Wang, David|Wang, Jiaming|Wang, Kai|Wang, Lijun|Wang, W|Wang, Z|Wang, Zhou|Ward, P|Ward, Paul|Warne, D|Warren, S|Waslander, Steven|Weber, Kela|Weckman, D|Weckman, David|Weckman, E|Weckman, Elizabeth|Weiss, K|Wells, M|Wells, Mary|Wen, J|Wen, John|West, J|West, Jeffrey|West, Joseph|Whitfield, B|Wickens, Tim|Wilhelm-Mauch, F|Wilhelm-Mauch, Frank|Wiljer, R|Willard, R|Williams, B|Wills, B|Wilson, Allan|Wilson, W|Wilson, William|Winkler, Oliver|Winkler, S|Winton, T|Winton, Tracey|Winton, Tracey Eve|Wiseman, A|Wolczuk, D|Wolkowicz, H|Wolkowicz, Henry|Wollan, P|Wong, Alexander|Wong, Chris|Wong, K|Wong, Steven|Wong, T|Wood, P|Woolford, RG|Worswick, M|Wright, Derek|Wright, J|Wright, John|Wu, Rufina|Wu, S|Wu, Shengli|Xi, D|Xie, L|Xie, L-L|Xie, Liang-Liang|Xie, W|Xie, W-C|Xie, Wei-Chau|Xu, L|Xu, Lei|Yang, E|Yang, E-H|Yang, En-Hui|Yarusevych, S|Yarusevych, Serhiy|Yavuz, M|Yavuz, Mustafa|Yeow, J|Yeow, T|Yeow, Tze|Yeow, Tze Wei|Young, C|Young, D|Young, N|Younis, Rizwan|Yu, Aiping|Zeineldin, H|Zelek, J|Zelek, John|Zepf, Diana|Zhao, Boxin|Zhou, D|Zhou, N|Zhou, Norman|Zhu, M|Zhuang, W|Zhuang, Weihua|Zuberman, Leandro|Zurell, C|Zurell, Cory|Zurrell, Cory'
p6
sS'search'
p7
S'search now'
p8
sS'sort_by'
p9
S'section'
p10
sS'course'
p11
S'SY DE 252'
p12
sS'sort_direction'
p13
S'DESC'
p14
sS'hidden-course'
p15
S'ARCH 100|ARCH 110|ARCH 113|ARCH 114|ARCH 125|ARCH 142|ARCH 143|ARCH 172|ARCH 173|ARCH 175|ARCH 192|ARCH 193|ARCH 215|ARCH 226|ARCH 246|ARCH 247|ARCH 256|ARCH 260|ARCH 264|ARCH 272|ARCH 273|ARCH 274|ARCH 275|ARCH 276|ARCH 292|ARCH 293|ARCH 314|ARCH 327|ARCH 332|ARCH 342|ARCH 343|ARCH 362|ARCH 363|ARCH 364|ARCH 365|ARCH 373|ARCH 384|ARCH 385|ARCH 392|ARCH 393|ARCH 425|ARCH 442|ARCH 443|ARCH 446|ARCH 448|ARCH 449|ARCH 473|ARCH 484|ARCH 492|ARCH 493|ARCH 593|ARCH 646|ARCH 651|ARCH 652|ARCH 653|ARCH 654|ARCH 673|ARCH 677|ARCH 684|ARCH 692|CH E 021|CH E 022|CH E 023|CH E 025|CH E 026|CH E 030|CH E 032|CH E 033|CH E 035|CH E 036|CH E 037|CH E 038|CH E 039|CH E 040|CH E 041|CH E 044|CH E 045|CH E 046|CH E 100|CH E 101|CH E 102|CH E 121|CH E 161|CH E 200|CH E 211|CH E 220|CH E 230|CH E 231|CH E 241|CH E 310|CH E 311|CH E 312|CH E 313|CH E 320|CH E 321|CH E 322|CH E 323|CH E 325|CH E 330|CH E 331|CH E 360|CH E 420|CH E 480|CH E 482|CH E 512|CH E 514|CH E 522|CH E 524|CH E 541|CH E 542|CH E 543|CH E 562|CH E 564|CH E 571|CH E 572|CH E 574|CHEMISTRY 028|CHEMISTRY 038|CHEMISTRY 262|CIV E 121|CIV E 125|CIV E 127|CIV E 153|CIV E 204|CIV E 205|CIV E 221|CIV E 222|CIV E 224|CIV E 240|CIV E 253|CIV E 265|CIV E 280|CIV E 292|CIV E 303|CIV E 306|CIV E 313|CIV E 331|CIV E 332|CIV E 342|CIV E 343|CIV E 344|CIV E 353|CIV E 354|CIV E 375|CIV E 381|CIV E 392|CIV E 403|CIV E 405|CIV E 413|CIV E 414|CIV E 415|CIV E 422|CIV E 440|CIV E 443|CIV E 444|CIV E 460|CIV E 472|CIV E 486|CIV E 491|CIV E 497|CIV E 507|CIV E 512|CIV E 542|CIV E 554|CIV E 572|CIV E 583|CIV E 596|CS 133|CS 241|CS 446|E&CE 100|E&CE 103|E&CE 104|E&CE 105|E&CE 106|E&CE 124|E&CE 126|E&CE 140|E&CE 150|E&CE 155|E&CE 204|E&CE 209|E&CE 222|E&CE 223|E&CE 231|E&CE 240|E&CE 241|E&CE 250|E&CE 251|E&CE 261|E&CE 290|E&CE 309|E&CE 316|E&CE 318|E&CE 324|E&CE 325|E&CE 327|E&CE 332|E&CE 342|E&CE 354|E&CE 355|E&CE 362|E&CE 370|E&CE 380|E&CE 391|E&CE 406|E&CE 411|E&CE 412|E&CE 413|E&CE 414|E&CE 417|E&CE 418|E&CE 427|E&CE 428|E&CE 429|E&CE 431|E&CE 433|E&CE 434|E&CE 437|E&CE 438|E&CE 439|E&CE 443|E&CE 444|E&CE 450|E&CE 451|E&CE 452|E&CE 453|E&CE 454|E&CE 456|E&CE 457|E&CE 458|E&CE 459|E&CE 463|E&CE 464|E&CE 467|E&CE 471|E&CE 474|E&CE 476|E&CE 477|E&CE 484|E&CE 486|E&CE 488|E&CE 493|E&CE 603|ENV.ENG. 100|ENV.ENG. 127|ENV.ENG. 153|ENV.ENG. 213|ENV.ENG. 214|ENV.ENG. 221|ENV.ENG. 223|ENV.ENG. 224|ENV.ENG. 231|ENV.ENG. 275|ENV.ENG. 276|ENV.ENG. 292|ENV.ENG. 320|ENV.ENG. 321|ENV.ENG. 322|ENV.ENG. 330|ENV.ENG. 331|ENV.ENG. 333|ENV.ENG. 334|ENV.ENG. 375|ENV.ENG. 391|ENV.ENG. 403|ENV.ENG. 410|ENV.ENG. 472|ENV.ENG. 473|ENV.ENG. 477|ENV.ENG. 482|ENV.ENG. 484|ENV.ENG. 573|ENV.ENG. 577|GEN E 121|GEN E 123|GEN E 167|GEN E 240|GEN E 411|GEN E 412|GEN E 452|M SCI 100|M SCI 131|M SCI 211|M SCI 240|M SCI 252|M SCI 261|M SCI 262|M SCI 263|M SCI 271|M SCI 311|M SCI 331|M SCI 332|M SCI 333|M SCI 334|M SCI 342|M SCI 343|M SCI 346|M SCI 421|M SCI 422|M SCI 431|M SCI 432|M SCI 442|M SCI 443|M SCI 444|M SCI 446|M SCI 452|M SCI 454|M SCI 599|M SCI 600|M SCI 601|M SCI 602|M SCI 603|M SCI 604|M SCI 605|M SCI 607|M SCI 620|M SCI 631|M SCI 632|M SCI 633|M SCI 646|M SCI 702|M SCI 703|M SCI 709|M SCI 712|M SCI 720|M SCI 726|M SCI 741|M SCI 750|M SCI 760|MATH 115|MATH 116|MATH 117|MATH 118|MATH 119|MATH 138|MATH 211|MATH 212|MATH 213|MATH 215|MATH 217|MATH 218|ME 100|ME 123|ME 135|ME 201|ME 202|ME 203|ME 212|ME 215|ME 219|ME 220|ME 230|ME 250|ME 262|ME 269|ME 303|ME 321|ME 322|ME 340|ME 351|ME 353|ME 354|ME 360|ME 362|ME 380|ME 401|ME 423|ME 435|ME 436|ME 447|ME 452|ME 456|ME 459|ME 524|ME 526|ME 527|ME 531|ME 533|ME 534|ME 535|ME 537|ME 538|ME 541|ME 547|ME 548|ME 555|ME 557|ME 559|ME 561|ME 563|ME 564|ME 565|ME 566|ME 567|ME 568|ME 569|ME 571|ME 595|ME 596|ME 597|ME 599|ME 620|ME 725|MTE 100|MTE 111|MTE 119|MTE 120|MTE 140|MTE 201|MTE 202|MTE 203|MTE 204|MTE 219|MTE 220|MTE 241|MTE 320|MTE 322|MTE 360|NE 100|NE 112|NE 113|NE 115|NE 121|NE 122|NE 125|NE 131|NE 141|NE 224|NE 225|NE 226|NE 232|NE 233|NE 241|NE 242|NE 318|NE 333|NE 334|NE 335|NE 336|NE 343|NE 344|NE 352|NE 353|NE 402|NE 445|NE 461|NE 469|NE 471|NE 479|NE 481|NE 489|NE 491|NE 499|PHYS 115|PHYS 125|SE 101|SE 141|SE 240|SE 350|SE 362|SE 380|SE 390|SE 464|SE 465|SE 490|SE 491|STV 100|STV 202|STV 203|STV 205|STV 302|SY DE 101|SY DE 111|SY DE 112|SY DE 113|SY DE 114|SY DE 121|SY DE 142|SY DE 161|SY DE 162|SY DE 181|SY DE 182|SY DE 183|SY DE 192|SY DE 211|SY DE 212|SY DE 213|SY DE 214|SY DE 223|SY DE 252|SY DE 261|SY DE 262|SY DE 281|SY DE 282|SY DE 283|SY DE 284|SY DE 292|SY DE 311|SY DE 312|SY DE 322|SY DE 331|SY DE 332|SY DE 334|SY DE 348|SY DE 351|SY DE 352|SY DE 361|SY DE 372|SY DE 381|SY DE 382|SY DE 384|SY DE 422|SY DE 423|SY DE 431|SY DE 433|SY DE 444|SY DE 454|SY DE 475|SY DE 511|SY DE 524|SY DE 533|SY DE 534|SY DE 542|SY DE 543|SY DE 551|SY DE 553|SY DE 554|SY DE 555|SY DE 556|SY DE 558|SY DE 575|SY DE 677'
p16
sS'instructor'
p17
S'%'
p18
s.